Video ID,M-SMC-6262023-01,M-SMC-6262023-02,M-SMC-6262023-03,M-SMC-6272023-04,M-SMC-6272023-05,M-SMC-6272023-06,M-SMC-6272023-07,M-SMC-6272023-08,M-SMC-6282023-09,M-SMC-6282023-10,M-SMC-6282023-11,M-SMC-6282023-12,M-SMC-6282023-13,M-SMC-6292023-14,M-SMC-6292023-15,M-SMC-6292023-16,M-SMC-6292023-17,M-SMC-7242023-18,M-SMC-7242023-19,M-SMC-7252023-20,M-SMC-7252023-21,M-SMC-7252023-22,M-SMC-7252023-23,M-SMC-7252023-24,M-SMC-7262023-25,M-SMC-7262023-26,M-SMC-7262023-27,M-SMC-7262023-28,M-SMC-7262023-29,M-SMC-7272023-30,M-SMC-7272023-31,M-SMC-7272023-32,M-SMC-7272023-33,M-SMC-7282023-34,M-SMC-7282023-35,M-SMC-7282023-36,,,
Observer,suraj,dora,siv,iman,suraj,dora,siv,iman,suraj,dora,siv,iman,suraj,dora,siv,iman,suraj,dora,siv,iman,suraj,dora,siv,iman,suraj,dora,siv,iman,suraj,dora,siv,iman,suraj,dora,siv,iman,,,
Offset Time,0:00,8:12,1:17,2:56,8:59,10:51,6:51,0:00,12:41,0:00,11:38,0:00,5:17,8:19,3:29,0:00,7:06,6:48,11:36,0:00,4:40,5:02,1:58,0:00,7:38,5:00,9:34,0:00,0:57,13:27,8:58,,8:38,6:08,6:37,1:00,,,
Prior AP - start,0:14,8:24,3:39,2:58,9:19,11:22,8:46,0:49,13:01,2:09,12:54,1:06,6:52,10:26,4:48,1:09,8:36,7:50,11:55,1:04,5:42,6:44,2:11,0:04,8:10,6:25,10:44,1:03,2:35,14:16,10:03,0:48,9:55,7:28,6:04,1:20,,,
T-Pose1 - start,0:17,8:25,3:04,2:59,9:29,11:23,8:47,0:51,13:02,2:09,12:55,1:08,6:53,10:27,5:49,1:10,8:37,7:51,11:56,1:05,5:43,6:45,2:12,0:05,8:11,6:26,10:44,1:04,2:36,14:17,10:03,0:49,9:56,7:30,6:04,1:21,,,
T-Pose1 - end,0:20,8:32,3:05,3:01,9:31,11:25,8:05,0:52,13:04,2:11,12:57,1:07,6:59,10:29,5:51,1:12,8:49,7:53,11:57,1:06,5:44,6:46,2:13,0:19,8:14,6:29,10:46,1:05,2:38,14:19,10:04,9:57,9:59,7:32,6:42,1:22,,,
Post AP - end,0:22,8:34,3:51,3:02,9:32,11:25,8:51,0:54,13:05,2:12,12:58,1:09,6:59,10:30,5:52,1:14,8:49,7:54,11:58,1:07,5:45,6:47,2:14,0:19,8:15,6:30,10:46,1:06,2:39,14:19,10:05,9:58,9:59,7:33,6:43,1:23,,,
Prior AP - start,0:25,8:39,4:08,3:50,9:44,11:40,9:05,1:11,13:17,2:21,13:11,1:22,7:16,10:51,6:15,1:27,9:02,8:13,12:05,1:35,5:57,7:01,2:24,0:33,8:21,6:42,11:02,1:17,2:50,14:26,10:22,1:11,10:13,7:46,6:57,1:34,,,
Walk - start,0:26,8:40,4:08,3:51,9:45,11:41,9:06,1:12,13:17,2:22,13:11,1:23,7:16,10:51,6:15,1:27,9:02,8:14,12:05,1:36,5:58,7:01,2:25,0:33,8:22,6:43,11:03,1:18,2:51,14:26,10:23,1:12,10:14,7:47,6:58,1:35,,,
Walk - end,0:42,8:56,4:26,4:03,10:08,11:57,9:24,1:29,13:32,2:42,13:28,1:39,7:31,11:07,6:35,1:42,9:23,8:33,12:18,1:49,6:15,7:17,2:38,0:47,8:37,6:58,11:19,1:37,3:06,14:40,10:37,1:27,10:29,8:03,7:18,1:49,,,
Post AP - end,0:43,8:56,4:27,4:04,10:08,11:57,9:24,1:29,13:32,2:46,13:28,1:40,7:31,11:08,6:35,1:42,9:23,8:33,12:18,1:50,6:15,7:17,2:38,0:48,8:37,6:58,11:19,1:38,3:06,14:41,10:37,1:28,10:30,8:03,7:18,1:50,,,
Prior AP - start,0:51,9:15,5:01,4:31,10:29,12:17,9:44,1:53,13:59,3:14,14,2:10,8:13,11:30,6:54,2:11,9:55,8:57,13:26,2:06,6:47,7:36,2:49,1:06,8:51,7:27,11:49,2:03,3:29,14:54,10:59,1:57,10:56,8:38,7:44,2:17,,,
Sit - start,0:59,9:17,5,4:32,10:40,12:19,9:45,1:55,14:02,3:15,14:02,2:12,8:16,11:32,6:55,2:12,9:57,8:59,13:27,2:07,6:50,7:38,2:05,1:08,8:52,7:28,11:51,2:05,3:32,14:56,11,1:59,10:59,8:39,7:45,2:19,,,
Sit - end,1:03,9:20,5:01,4:34,10:42,12:23,9:05,1:57,14:03,3:17,14:05,2:14,8:17,11:33,6:57,2:14,9:59,9:01,13:29,2:10,6:53,7:40,2:52,1:11,8:54,7:30,11:55,2:08,3:33,14:58,11:03,2:01,11:02,8:42,7:48,2:23,,,``````````````````
Post AP - end,1:04,9:21,5:06,4:35,10:43,12:25,9:05,1:59,14:05,3:19,14:06,2:15,8:18,11:35,6:58,2:15,10:01,9:02,13:03,2:11,6:54,7:41,2:53,1:12,8:54,7:31,11:56,2:09,3:34,14:59,11:04,2:02,11:04,8:44,7:49,2:24,,,
Prior AP - start,1:09,9:31,5:36,4:38,10:45,12:26,9:53,2:01,14:05,3:20,14:08,2:18,8:19,11:36,7,2:18,10:02,9:03,13:31,2:11,6:56,7:41,2:55,1:12,8:56,7:33,11:59,2:15,3:36,15:01,11:05,2:05,11:05,8:45,7:52,2:26,,,
Sit2 - start,1:11,9:33,5:38,4:39,10:47,12:28,9:54,2:02,14:06,3:21,14:09,2:19,8:20,11:37,7:01,2:19,10:04,9:05,13:32,2:13,6:57,7:43,2:56,1:14,8:58,7:34,12,2:16,3:37,15:02,11:06,2:06,11:07,8:46,7:53,2:28,,,
Sit2 - end,1:15,9:37,5:41,4:40,10:49,12:30,9:57,2:04,14:10,3:22,14:12,2:20,8:23,11:39,7:04,2:21,10:05,9:07,13:34,2:16,6:59,7:45,2:58,1:16,9:00,7:36,12:01,2:21,3:40,15:02,11:08,2:08,11:10,8:48,7:57,2:29,,,
Post AP - end,1:16,9:39,5:42,4:41,10:50,12:31,9:58,2:05,14:11,3:24,14:13,2:21,8:23,11:41,7:05,2:22,10:06,9:08,13:35,2:17,7:00,7:47,2:58,1:16,9:00,7:38,12:04,2:21,3:42,15:04,11:09,2:09,11:13,8:49,7:57,2:28,,,
Prior AP - start,1:28,9:54,6:16,5:20,11:13,12:51,,2:34,14:29,3:45,14:38,2:48,8:49,12:05,,2:47,10:36,9:29,,2:30,7:22,8:06,3:11,1:36,9:35,8:00,13:09,2:45,4:08,15:17,11:38,2:30,11:33,9:14,8:22,2:52,,,
Rotate - start,1:29,9:55,6:16,5:21,11:13,12:52,,2:35,14:30,3:46,14:38,2:49,8:49,12:05,,2:48,10:37,9:29,,2:30,7:23,8:07,3:11,1:37,9:36,8:00,13:09,2:46,4:12,15:17,11:38,2:31,11:34,9:14,8:22,2:53,,,
Rotate - end,1:32,9:59,6:19,5:28,11:16,12:55,,2:39,14:33,3:50,14:41,2:53,8:56,12:15,,2:48,10:41,9:34,,2:35,7:27,8:10,3:14,1:40,9:41,8:05,13:13,2:48,4:15,15:20,11:42,2:35,11:38,9:19,8:27,2:55,,,
Post AP - end,1:32,10:00,6:02,5:29,11:16,12:55,,2:40,14:33,3:50,14:41,2:54,8:56,12:15,,2:49,10:41,9:34,,2:36,7:27,8:10,3:14,1:41,9:41,8:06,13:13,2:48,4:15,15:21,11:43,2:36,11:38,9:19,8:27,2:56,,,
Prior AP - start,1:35,10:02,6:31,3:23,11:30,13:10,10:46,3:07,14:50,4:05,14:59,3:13,9:14,12:28,7:39,3:08,10:56,9:41,13:51,2:39,7:41,8:15,3:18,1:50,9:48,8:14,13:19,3:02,4:20,15:26,12:09,2:55,11:43,9:39,8:32,3:09,,,
T-Pose2 - start,1:36,10:03,6:31,3:25,11:31,13:10,10:47,3:08,14:51,4:05,15,3:14,9:14,12:29,7:04,3:09,10:57,9:42,13:52,2:40,7:42,8:15,3:19,1:51,9:49,8:15,13:02,3:03,4:21,15:27,12:01,2:56,11:44,9:40,8:33,3:10,,,
T-Pose2 - end,1:40,10:07,6:32,3:26,11:35,13:11,10:48,3:09,14:54,4:07,15:03,3:15,9:18,12:32,7:42,3:10,10:59,9:45,13:53,2:42,7:44,8:16,3:02,1:54,9:51,8:16,13:22,3:06,4:23,15:31,12:12,2:59,11:46,9:41,8:35,3:12,,,
Post AP - end,1:41,10:09,6:33,3:27,11:36,13:12,10:48,3:10,14:54,4:08,15:04,3:16,9:19,12:33,7:43,3:11,11:00,9:46,13:54,2:42,7:45,8:17,3:02,1:54,9:51,8:17,13:23,3:07,4:23,15:32,12:12,3:00,11:46,9:42,8:36,3:13,,,
Prior AP - start,1:43,10:10,,5:45,11:36,13:12,10:51,3:11,14:55,4:09,15:05,3:18,9:18,12:34,7:44,3:13,11:02,9:48,13:55,2:03,7:46,8:19,3:21,1:55,9:53,8:20,13:26,3:10,4:25,15:34,12:14,3:02,11:49,9:43,8:38,3:15,,,
T-pose3 - start,1:44,10:11,,5:47,11:37,13:12,10:52,3:12,14:56,4:10,15:05,3:19,9:19,12:34,7:45,3:14,11:03,9:48,13:55,2:43,7:47,8:19,3:22,1:56,9:54,8:20,13:27,3:11,4:25,15:34,12:14,3:03,11:50,9:44,8:39,3:16,,,
T-pose3 - end,1:45,10:14,,5:48,11:41,13:14,10:53,3:13,14:58,4:11,15:07,3:20,9:22,12:36,7:47,3:16,11:06,9:50,13:55,2:44,7:50,8:20,3:23,1:57,9:57,8:22,13:29,3:11,4:28,15:36,12:16,3:05,11:53,9:45,8:04,3:17,,,
Post AP - end,1:46,10:15,,5:49,11:41,13:14,10:53,3:14,14:59,4:12,15:08,3:21,9:23,12:37,7:48,3:17,11:06,9:51,13:55,2:45,7:50,8:21,3:23,1:58,9:57,8:22,13:29,3:12,4:28,15:37,12:16,3:06,11:53,9:46,8:41,3:18,,,
Prior AP - start,1:49,10:19,7:07,6:13,11:51,13:28,11:12,,15:11,4:24,15:21,3:35,9:39,12:57,8,3:30,11:19,10:05,,2:50,8:02,8:35,3:25,2:11,10:04,8:35,13:41,3:24,4:38,15:43,12:27,3:20,12:04,10:01,8:51,3:29,,,
Squat - start,1:51,10:20,7:08,6:15,11:52,13:29,11:13,,15:13,4:25,15:23,3:37,9:40,12:59,8:01,3:31,11:22,10:07,,2:51,8:03,8:35,3:26,2:12,10:05,8:37,13:43,3:25,4:40,15:43,12:29,3:22,12:05,10:03,8:53,3:30,,,
Squat - end,1:53,10:24,7:01,6:17,11:55,13:33,11:16,,15:16,4:26,15:24,3:38,9:43,13:02,8:05,3:32,11:25,10:10,,2:53,8:05,8:38,3:28,2:15,10:08,8:38,13:46,3:28,4:43,15:46,12:31,3:23,12:09,10:04,8:54,2:34,,,
Post AP - end,1:54,10:25,7:11,6:18,11:57,13:34,11:17,,15:18,4:28,15:25,3:39,9:44,13:05,8:06,3:33,11:25,10:11,,2:54,8:06,8:39,3:39,2:16,10:09,8:39,13:47,3:29,4:43,15:47,12:31,3:24,12:09,10:04,8:55,2:35,,,
Prior AP - start,1:59,10:29,7:03,6:27,12:04,13:50,11:28,3:30,15:24,4:35,15:34,3:53,9:54,13:18,8:36,3:41,11:34,10:22,14:01,2:05,8:13,8:47,3:34,2:26,10:17,8:56,14:05,3:37,4:57,15:50,12:42,3:33,12:16,10:12,9:09,3:43,,,
Arm Swing - start,2:00,10:29,7:03,6:28,12:05,13:50,11:29,3:31,15:25,4:36,15:34,3:54,9:55,13:18,8:37,3:42,11:35,10:22,14:11,2:59,8:14,8:50,3:36,2:27,10:18,8:57,14:05,3:37,4:58,15:51,12:42,3:33,12:17,10:13,9:01,3:44,,,
Arm Swing - end,2:08,10:34,7:35,6:35,12:08,13:58,11:34,3:35,15:28,4:41,15:38,3:56,10:00,13:24,8:42,3:46,11:39,10:28,14:14,2:04,8:17,8:54,3:04,2:32,10:22,9:02,14:09,3:45,5:03,15:56,12:48,3:38,12:21,10:20,9:14,4:48,,,
Post AP - end,2:09,10:34,7:35,6:36,12:08,14:00,11:34,3:36,15:30,4:42,15:38,3:56,10:00,13:24,8:43,3:47,11:40,10:29,14:15,3:04,8:18,8:54,3:41,2:32,10:22,9:02,14:09,3:45,5:03,15:58,12:28,3:39,12:21,10:20,9:14,3:49,,,
Prior AP - start,,,,,,,,,,,,3:57,,,,,,,,,,9:01,,,,,14:15,,,,,,,,,,,,
Arm Swing2 - start,,,,,,,,,,,,3:58,,,,,,,,,,9:01,,,,,14:15,,,,,,,,,,,,
Arm Swing2 - end,,,,,,,,,,,,4:03,,,,,,,,,,9:05,,,,,14:19,,,,,,,,,,,,
Post AP - end,,,,,,,,,,,,4:03,,,,,,,,,,9:05,,,,,14:19,,,,,,,,,,,,
Prior AP - start,2:12,10:39,7:54,6:59,12:11,14:11,11:44,,15:39,4:53,15:49,4:16,,13:36,8:55,3:58,11:48,10:37,14:17,3:05,8:30,9:15,3:04,2:41,10:30,9:18,14:38,3:54,5:14,16:03,13:07,3:48,12:32,10:31,9:25,3:58,,,
Arm Circles - start,2:15,10:41,7:55,7:01,12:17,14:12,11:45,,15:41,4:54,15:05,4:17,,13:37,8:56,4:00,11:49,10:38,14:18,3:06,8:31,9:16,3:42,2:42,10:31,9:19,14:04,3:55,5:15,16:04,13:08,3:50,12:33,10:32,9:27,3:59,,,
Arm Circles - end,2:22,10:47,8:01,7:07,12:24,14:18,11:51,,15:48,4:57,15:59,4:23,,13:45,9:02,4:07,11:56,10:44,14:22,3:06,8:37,9:21,3:45,2:48,10:37,9:22,14:56,4:03,5:20,16:11,13:13,4:01,12:40,10:36,9:03,4:05,,,
Post AP - end,2:22,10:48,8:01,7:08,12:24,14:19,11:52,,15:49,4:58,15:59,4:24,,13:46,9:03,4:08,11:57,10:45,14:23,3:09,8:38,9:22,3:46,2:48,10:38,9:22,14:57,4:04,5:20,16:12,13:14,4:02,12:40,10:37,9:31,4:06,,,
Prior AP - start,,10:54,8:16,7:19,12:34,14:31,12:06,3:46,16:14,5:08,,4:34,10:10,13:54,,4:19,12:06,10:54,14:27,3:12,8:48,9:30,3:49,2:58,10:44,9:32,,4:12,5:31,16:16,13:03,4:11,12:52,10:48,9:42,4:15,,,
Jump - start,,10:54,8:16,7:20,12:35,14:31,12:07,3:46,16:14,5:08,,4:35,10:11,13:55,,4:20,12:07,10:55,14:28,3:13,8:49,9:30,3:52,2:59,10:44,9:33,,4:13,5:32,16:17,13:31,4:12,12:53,10:48,9:43,4:16,,,
Jump - end,,10:55,8:16,7:21,12:36,14:33,12:08,3:47,16:15,5:10,,4:35,10:14,13:55,,4:21,12:08,10:55,14:29,3:14,8:49,9:31,3:53,2:59,10:45,9:34,,4:14,5:33,16:18,13:32,4:13,12:54,10:49,9:44,4:16,,,
Post AP - end,,10:56,8:17,7:22,12:36,14:33,12:08,3:37,16:16,5:10,,4:36,10:14,13:56,,4:21,12:08,10:56,14:29,3:15,8:50,9:31,3:53,2:59,10:45,9:35,,4:14,5:33,16:18,13:33,4:13,12:54,10:50,9:44,4:17,,,
Prior AP - start,,10:57,8:22,7:20,12:38,14:33,12:09,3:49,16:17,5:10,,4:36,10:15,13:56,,4:22,12:10,10:57,14:31,3:15,8:50,9:32,3:53,2:59,10:46,9:38,,4:16,5:34,16:19,13:35,4:14,12:58,10:50,9:46,4:18,,,
Jump2 - start,,10:57,8:22,7:23,12:39,14:33,12:01,3:49,16:18,5:10,,4:37,10:15,13:57,,4:22,12:10,10:57,14:31,3:16,8:51,9:32,3:53,3:00,10:47,9:38,,4:17,5:35,16:20,13:36,4:14,12:59,10:50,9:47,4:18,,,
Jump2 - end,,10:58,8:23,7:24,12:39,14:34,12:11,3:50,16:20,5:11,,4:38,10:16,13:58,,4:23,12:11,10:58,14:32,3:16,8:51,9:33,3:54,3:00,10:49,9:40,,4:18,5:37,16:21,13:37,4:15,13:01,10:51,9:48,4:19,,,
Post AP - end,,10:58,8:23,7:24,12:40,14:35,12:11,3:51,16:21,5:12,,4:38,10:17,13:58,,4:23,12:11,10:58,14:33,3:16,8:52,9:34,3:54,3:01,10:49,9:40,,4:18,5:37,16:21,13:37,4:15,13:01,10:52,9:48,4:19,,,
Prior AP - start,,11:02,8:37,7:37,12:50,14:49,,4:00,16:31,5:22,16:25,4:47,10:28,14:14,,4:34,12:21,11:09,14:37,,9:02,9:51,3:59,3:11,10:58,9:53,,4:27,5:48,16:26,,4:26,13:13,11:01,9:59,4:29,,,
Kick - start,,11:03,8:38,7:37,12:51,14:50,,4:01,16:32,5:23,16:25,4:48,10:29,14:15,,4:35,12:22,11:09,14:38,,9:03,9:51,4,3:12,10:59,9:54,,4:28,5:49,16:27,,4:27,13:15,11:02,10,4:30,,,
Kick - end,,11:04,8:38,7:37,12:52,14:51,,4:02,16:33,5:24,16:26,4:48,10:31,14:16,,4:36,12:23,11:10,14:39,,9:04,9:52,4:01,3:13,11:00,9:55,,4:29,5:51,16:28,,4:28,13:17,11:03,10:01,4:31,,,
Post AP - end,,11:05,8:38,7:37,12:53,14:51,,4:03,16:34,5:26,16:26,4:49,10:31,14:16,,4:37,12:23,11:11,14:39,,9:04,9:53,4:01,3:14,11:00,9:56,,4:29,5:51,16:29,,4:29,13:17,11:03,10:01,4:31,,,
Prior AP - start,2:46,11:27,9:32,8:57,13:24,15:16,12:04,4:34,17:07,6:01,17:03,5:33,11:09,14:47,10:12,5:13,12:58,13:55,14:58,3:29,9:34,10:20,4:13,3:38,11:18,10:33,15:58,4:58,6:29,16:43,14:32,5:07,13:46,11:47,10:41,5:03,,,
Kettlebell Front - start,2:49,11:34,9:34,8:59,13:26,15:18,12:42,4:37,17:10,6:03,17:05,5:36,11:11,14:49,10:15,5:15,13:00,13:57,15,3:30,9:36,10:22,4:15,3:40,11:20,10:36,16,5:00,6:31,16:44,14:34,5:09,13:48,11:50,10:44,5:05,,,
Kettlebell Front - end,3:06,11:50,9:52,9:14,13:43,15:35,13:03,4:52,17:24,6:19,17:23,5:53,11:24,15:11,10:35,5:30,13:20,14:14,15:13,3:44,9:54,10:37,4:29,4:00,11:39,10:49,16:18,5:19,6:54,17:02,14:47,5:28,14:05,12:07,11:05,5:19,,,
Post AP - end,3:07,11:52,9:55,9:14,13:45,15:36,13:04,4:52,17:28,6:22,17:25,5:54,11:27,15:13,10:37,5:31,13:23,14:15,15:15,3:45,9:57,10:39,4:32,4:01,11:41,10:51,16:21,5:20,6:56,17:05,14:49,5:30,14:07,12:09,11:08,5:20,,,
Prior AP - start,3:10,11:56,10:24,9:37,13:53,15:53,13:02,5:09,17:45,6:40,17:54,6:22,11:45,15:33,10:53,5:52,13:46,14:31,15:02,3:51,10:11,10:54,4:43,4:16,11:53,11:17,16:41,5:37,7:15,17:10,15:06,5:50,14:29,12:26,11:29,5:38,,,
Kettlebell Side - start,3:13,12:06,10:26,9:40,13:56,15:54,13:21,5:10,17:46,6:41,17:56,6:24,11:46,15:34,10:55,5:53,13:48,14:33,15:21,3:53,10:13,10:56,4:47,4:18,11:54,11:18,16:43,5:39,7:18,17:12,15:08,5:52,14:31,12:28,11:31,5:39,,,
Kettlebell Side - end,3:34,12:23,10:42,9:55,14:20,16:10,13:39,5:26,18:01,6:56,18:01,6:40,12:01,15:54,11:11,6:10,14:05,14:50,15:35,4:06,10:31,11:12,5:01,4:34,12:10,11:32,16:59,5:58,7:32,17:29,15:21,6:06,14:47,12:42,11:49,5:53,,,
Post AP - end,3:38,12:24,10:44,9:55,14:23,16:12,13:41,5:27,18:05,6:59,18:03,6:41,12:04,15:56,11:14,6:15,14:09,14:52,15:37,4:07,10:34,11:14,5:03,4:35,12:19,11:33,17:01,5:59,7:34,17:32,15:23,6:07,14:51,12:43,11:52,5:53,,,
Prior AP - start,,,,,,,,,18:12,,,,,,,,,,,,,,5:14,,,,,,,,,,,,,,,,
Kettlebell Side2 - start,,,,,,,,,18:15,,,,,,,,,,,,,,5:16,,,,,,,,,,,,,,,,
Kettlebell Side2 - end,,,,,,,,,18:30,,,,,,,,,,,,,,5:03,,,,,,,,,,,,,,,,
Post AP - end,,,,,,,,,18:34,,,,,,,,,,,,,,5:32,,,,,,,,,,,,,,,,
Prior AP - start,3:47,12:44,11:18,10:31,14:47,16:36,14:11,,19:16,7:28,18:34,7:15,12:35,16:20,11:49,6:40,14:38,15:13,16:04,4:26,10:57,11:36,,4:55,12:38,12:10,17:32,6:30,8:02,17:46,15:54,3:38,15:32,13:10,12:23,5:23,,,
Ball Carry - start,3:50,12:49,11:02,10:32,14:49,16:38,14:13,,19:18,7:30,18:36,7:16,12:36,16:21,11:05,6:41,14:40,15:15,16:06,4:27,11:01,11:37,,4:56,12:39,12:12,17:36,6:32,8:04,17:49,15:56,6:41,15:33,13:11,12:24,5:24,,,
Ball Carry - end,4:10,13:05,11:36,10:45,15:07,16:53,14:31,,19:33,7:46,18:52,7:32,12:50,16:42,12:09,6:59,14:57,15:32,16:21,4:42,11:14,12:03,,5:14,12:54,12:25,17:56,6:48,8:20,18:05,16:11,6:56,15:50,13:26,12:44,6:38,,,
Post AP - end,4:13,13:06,11:38,10:46,15:10,16:54,14:33,,19:37,7:48,18:53,7:32,12:52,16:44,12:01,7:00,15:00,15:34,16:23,4:43,11:23,12:05,,5:15,12:56,12:26,18:05,6:49,8:23,18:07,16:13,5:57,15:52,13:27,12:46,6:39,,,
Prior AP - start,4:34,,12:26,,15:40,,15:15,5:48,20:05,,,,,,12:16,,,,,,,,,,,,,,,,,,,,,,,,
Ball Carry2 - start,4:34,,12:26,,15:40,,15:15,5:49,20:05,,,,,,12:17,,,,,,,,,,,,,,,,,,,,,,,,
Ball Carry2 - end,4:37,,12:27,,15:42,,15:23,6:04,20:07,,,,,,12:37,,,,,,,,,,,,,,,,,,,,,,,,
Post AP - end,4:37,,12:31,,15:42,,15:23,6:05,20:08,,,,,,12:39,,,,,,,,,,,,,,,,,,,,,,,,
Prior AP - start,4:28,13:45,12:22,11:17,15:35,17:15,14:59,6:33,20:00,8:32,19:27,8:06,13:26,17:20,13:11,7:34,15:27,15:58,16:39,4:58,11:51,12:26,5:51,5:44,13:28,12:55,19:01,7:19,9:03,18:28,16:53,7:28,16:47,13:55,13:35,7:04,,,
Step - start,4:28,13:45,12:23,11:18,15:35,17:15,14:59,6:33,20:01,8:32,19:28,8:07,13:26,17:20,13:11,7:35,15:28,15:58,16:04,4:59,11:52,12:27,5:52,5:45,13:29,12:55,19:02,7:20,9:03,18:28,16:53,7:29,16:48,13:55,13:36,7:05,,,
Step - end,4:31,13:48,12:25,11:20,15:39,17:19,15:08,6:44,20:05,8:35,19:34,8:09,13:28,17:25,13:18,7:37,15:30,16:01,16:48,5:02,11:55,12:30,5:59,5:49,13:32,12:59,19:19,7:23,9:06,18:32,17:01,7:30,16:50,13:58,13:43,7:07,,,
Post AP - end,4:31,13:49,12:25,11:21,15:39,17:20,15:09,6:44,20:05,8:35,19:35,8:10,13:28,17:25,13:18,7:37,15:30,16:01,16:48,5:02,11:55,12:30,,5:51,13:32,12:59,19:19,7:24,9:06,18:32,17:01,7:31,15:50,13:59,13:43,7:08,,,
Step2 Prior AP,4:34,14:01,12:26,11:22,15:40,17:20,15:15,7:09,20:05,8:35,,8:12,13:29,17:25,,7:37,15:30,16:02,,5:03,11:55,12:30,,,13:33,12:59,,7:25,9:06,18:32,17:06,7:33,16:51,14:02,,7:09,,,
Step2 Action Start,4:34,14:01,12:26,11:23,15:40,17:20,15:15,7:09,20:05,8:35,,8:13,13:29,17:25,,7:38,15:31,16:03,,5:03,11:56,12:30,,,13:34,12:59,,7:26,9:06,18:32,17:06,7:33,15:52,14:03,,7:10,,,
Step2 Action End,4:37,14:05,12:27,11:24,15:42,17:24,15:23,7:10,20:07,8:39,,8:14,13:31,17:29,,7:42,15:33,16:06,,5:05,11:58,12:33,,,13:37,13:02,,7:27,9:08,18:35,17:14,7:34,16:54,14:06,,7:13,,,
Step2 Post AP,4:37,14:05,12:31,11:26,15:42,17:25,15:23,7:10,20:08,8:39,,8:15,13:31,17:29,,7:42,15:33,16:06,,5:06,11:58,12:33,,,13:37,13:02,,7:28,9:08,18:35,17:14,7:34,16:55,14:06,,7:13,,,
Prior AP - start,5:10,14:52,13,11:51,15:59,17:51,15:48,7:10,20:41,9:08,20:04,8:43,13:58,17:52,13:44,8:08,16:06,16:34,17:02,5:21,12:20,12:58,6:22,6:19,14:00,13:23,20,7:59,9:41,18:51,17:04,8:06,17:28,14:39,14:14,7:40,,,
Ball Bounce - start,5:14,14:54,13,11:52,16:09,17:51,15:49,7:11,20:43,9:08,20:05,8:44,14:00,17:53,13:45,8:09,16:07,16:34,17:02,5:22,12:21,12:58,6:23,6:21,14:01,13:23,20,8:00,9:42,18:51,17:42,8:07,17:29,14:40,14:15,7:41,,,
Ball Bounce - end,5:23,14:59,13:04,11:58,16:15,17:56,15:53,7:11,20:48,9:15,20:01,8:51,14:08,17:58,13:05,8:14,16:13,16:37,17:05,5:26,12:26,13:02,6:26,6:27,14:10,13:30,20:03,8:08,9:48,18:56,17:44,8:11,17:34,14:45,14:18,7:44,,,
Post AP - end,5:26,15:01,13:04,11:59,16:15,17:56,15:53,7:12,20:49,9:15,20:11,8:52,14:09,17:59,13:05,8:14,16:14,16:37,17:05,5:26,12:27,13:02,6:27,6:27,14:11,13:31,20:03,8:08,9:48,18:57,17:45,8:12,17:34,14:45,14:18,7:45,,,
Prior AP - start,5:39,15:20,13:05,12:40,16:38,18:26,16:31,7:41,21:21,9:46,20:41,8:49,14:44,18:47,14:36,8:46,16:41,17:07,17:17,5:42,12:53,13:29,6:36,7:17,14:47,14:05,20:48,8:30,10:30,19:22,18:35,8:42,18:24,15:20,15:07,8:30,,,
Cross Toe Touch - start,5:42,15:26,13:51,12:42,16:39,18:27,16:32,7:42,21:24,9:47,20:44,8:50,14:46,18:49,14:38,8:50,16:43,17:08,17:02,5:43,12:56,13:30,6:44,7:19,14:49,14:06,20:05,8:31,10:32,19:23,18:37,8:45,18:25,15:21,15:01,8:30,,,
Cross Toe Touch - end,5:46,15:31,13:54,12:54,16:43,18:32,16:34,7:56,21:30,9:55,20:54,8:56,14:51,18:55,14:48,9:02,16:47,17:14,17:28,5:52,13:00,13:36,6:52,7:28,14:54,14:11,20:56,8:42,10:37,19:28,18:48,8:51,18:32,15:28,15:15,8:35,,,
Post AP - end,5:47,15:32,13:55,12:56,16:44,18:32,16:35,7:59,21:33,9:55,20:56,8:56,15:52,18:55,14:05,9:02,16:47,17:14,17:03,5:52,13:01,13:36,6:54,7:28,14:54,14:11,20:56,8:43,10:37,19:28,18:49,8:52,18:32,15:28,15:15,8:36,,,
Prior AP - start,5:47,15:32,14:17,13:14,16:45,18:32,16:39,8:00,21:27,9:55,21:04,8:57,14:52,18:55,,,16:48,17:16,,,13:04,13:36,,,14:54,14:11,21:18,,10:38,19:28,,8:53,18:33,15:29,15:18,8:37,,,
Cross Toe Touch2 - start,5:47,15:32,14:17,13:17,16:45,18:33,16:41,8:01,21:27,9:56,21:04,8:57,14:53,18:55,,,16:48,17:16,,,13:06,13:37,,,14:55,14:12,21:19,,10:39,19:28,,8:54,18:34,15:29,15:19,8:37,,,
Cross Toe Touch2 - end,5:51,15:37,14:02,13:28,16:48,18:37,16:05,8:10,21:30,10:02,21:09,10:01,14:57,19:01,,,16:53,17:22,,,13:11,13:43,,,15:00,14:18,21:28,,10:46,19:33,,8:55,18:39,15:32,15:24,8:39,,,
Post AP - end,5:56,15:38,14:21,13:29,16:50,18:40,16:51,8:12,21:33,10:03,21:01,10:02,15:00,19:03,,,16:55,17:22,,,13:11,13:44,,,15:02,14:18,21:29,,10:47,19:33,,8:58,18:43,15:33,15:24,8:40,,,
Prior AP - start,5:58,15:51,14:35,13:42,16:56,18:48,,8:22,21:41,10:14,,10:11,15:09,19:13,15:12,9:27,17:03,17:45,17:33,5:55,13:19,14:02,7:01,7:38,15:05,14:28,21:43,8:52,11:00,19:47,18:58,9:06,18:48,15:44,15:32,8:49,,,
Run - start,5:58,15:51,14:36,13:43,16:58,18:48,,8:23,21:42,10:15,,10:12,15:10,19:13,15:12,9:28,17:04,17:45,17:34,5:56,13:20,14:03,7:02,7:38,15:06,14:28,21:43,8:53,11:01,19:47,18:58,9:07,18:49,15:44,15:33,8:50,,,
Run  - end,6:02,15:55,14:42,13:46,17:04,18:55,,8:30,21:46,10:20,,10:19,15:17,19:19,15:18,9:34,17:09,17:50,17:38,6:02,13:26,14:09,7:06,7:44,15:11,14:32,21:48,9:00,11:05,19:53,17:02,9:17,18:53,15:49,15:38,8:56,,,
Post AP - end,6:02,15:55,14:42,13:47,17:04,18:55,,8:31,21:47,10:20,,10:20,15:17,19:19,15:18,9:34,17:09,17:50,17:39,6:02,13:26,14:09,7:07,7:44,15:11,14:33,21:48,9:01,11:06,19:54,17:02,9:17,18:53,15:50,15:39,8:57,,,
Prior AP - start,6:18,16:02,14:58,14:13,17:21,19:15,17:08,8:49,22:01,10:28,21:19,10:30,15:36,19:34,,9:51,17:35,18:08,17:49,6:08,13:37,14:32,7:16,7:59,15:32,14:49,22:23,9:19,11:30,20:01,19:24,9:30,19:10,15:58,15:49,9:09,,,
Phone Usage - start,6:19,16:02,14:59,14:14,17:30,19:16,17:09,8:50,22:02,10:34,21:19,10:32,15:36,19:35,15:37,9:51,17:41,18:11,17:05,6:08,13:38,14:42,7:17,7:59,15:32,14:52,22:25,9:20,11:32,20:03,19:26,9:32,19:11,16:02,15:05,9:10,,,
Phone Usage - end,6:23,16:07,15:03,14:17,17:35,19:23,17:23,9:09,22:07,10:38,21:29,10:40,15:43,19:41,15:44,9:55,17:47,18:19,17:56,6:16,13:42,14:52,7:23,8:04,15:39,14:58,22:17,9:31,11:37,20:10,19:43,9:38,19:18,16:10,16:14,9:14,,,
Post AP - end,6:25,16:08,15:03,14:17,17:40,19:23,17:24,9:10,22:07,10:39,21:29,10:41,15:44,19:42,15:45,9:56,17:50,18:20,17:57,6:16,13:42,14:54,7:25,8:04,15:39,15:00,22:18,9:32,11:37,20:13,19:45,9:39,19:18,16:11,16:17,9:15,,,
Prior AP - start,6:25,16:10,15:22,14:34,17:52,19:50,17:05,9:35,22:23,10:56,21:48,11:04,16:06,,16:05,10:17,18:17,18:36,18:06,6:22,13:53,,7:43,8:26,16:03,15:18,22:48,8:54,12:09,20:23,20:35,9:58,20:01,16:31,16:42,9:33,,,
Point - start,6:26,16:11,15:23,14:35,17:53,19:51,17:05,9:36,22:24,10:57,21:49,11:05,16:07,,16:05,10:18,18:18,18:36,18:07,6:23,13:54,,7:43,8:27,16:04,15:18,22:48,8:54,12:10,20:23,20:35,9:58,20:04,16:31,16:42,9:34,,,
Point  - end,6:32,16:19,15:27,14:39,17:58,19:57,18:12,9:42,22:28,11:04,21:54,11:14,16:14,,16:14,10:27,18:24,18:43,18:01,6:28,14:02,,7:48,8:34,16:11,15:23,22:54,10:02,12:14,20:33,20:43,10:24,20:07,16:39,16:05,9:41,,,
Post AP - end,6:32,16:19,15:27,14:40,17:58,19:57,18:13,9:43,22:29,11:04,21:55,11:15,16:14,,16:14,10:28,18:25,18:44,18:01,6:28,14:03,,7:48,8:34,16:11,15:23,22:54,10:03,12:14,20:33,20:43,10:25,20:08,16:40,16:05,9:42,,,
Prior AP - start,6:35,16:21,15:56,14:52,18:11,20:05,18:22,9:49,22:41,11:15,22:07,11:26,16:26,19:58,16:02,10:36,18:35,18:57,18:15,6:32,14:11,15:14,7:51,8:43,16:15,15:36,23:06,10:19,12:27,20:44,20:45,10:26,20:15,16:51,17:02,9:52,,,
Check Watch - start,6:35,16:22,15:57,14:52,18:12,20:06,18:23,9:50,22:42,11:16,22:08,11:27,16:27,19:59,16:02,10:37,18:36,18:58,18:16,6:33,14:12,15:14,7:51,8:44,16:16,15:37,23:06,10:20,12:28,20:45,20:46,10:27,20:16,16:52,17:03,9:53,,,
Check Watch - end,6:36,16:24,15:57,14:59,18:16,20:08,18:27,9:51,22:45,11:18,22:13,11:34,16:31,20:00,16:26,10:45,18:41,18:59,18:19,6:35,14:18,15:15,8,8:45,16:22,15:39,23:15,10:21,12:33,20:45,20:59,10:33,20:22,16:53,17:01,9:58,,,
Post AP - end,6:36,16:25,15:58,15:00,18:17,20:08,18:28,9:52,22:45,11:19,22:14,11:35,16:31,20:00,16:26,10:46,18:41,19:00,18:02,6:36,14:18,15:16,8:01,8:50,16:22,15:40,23:15,10:21,12:34,20:46,20:55,10:34,20:22,16:54,17:01,9:59,,,
Prior AP - start,6:42,16:32,15:56,15:15,18:27,20:20,18:36,9:58,22:53,11:32,22:37,11:44,16:44,20:16,16:04,10:50,18:51,19:14,18:22,6:39,14:26,15:32,8:07,8:57,16:24,15:54,23:28,10:30,12:44,20:54,21:05,10:44,20:30,17:06,17:18,10:08,,,
Stay Warm - start,6:43,16:32,15:57,15:16,18:28,20:21,18:37,10:00,22:54,11:33,22:38,11:45,16:45,20:16,16:41,10:52,18:53,19:14,18:23,6:40,14:26,15:32,8:08,8:58,16:26,15:54,23:28,10:31,12:45,20:55,21:06,10:44,20:31,17:06,17:19,10:09,,,
Stay Warm  - end,6:45,16:36,16:04,15:17,18:31,20:26,18:04,10:07,22:58,11:36,22:43,11:50,16:48,20:20,16:45,10:55,18:56,19:21,18:24,6:45,14:29,15:36,8:01,9:01,16:29,15:58,23:32,10:34,12:48,20:58,21:09,10:49,20:35,17:10,17:22,10:13,,,
Post AP - end,6:45,16:37,16:04,15:17,18:32,20:27,18:41,10:08,22:58,11:36,22:44,11:51,16:48,20:21,16:46,10:56,18:56,19:22,18:25,6:45,14:29,15:36,8:01,9:02,16:29,15:58,23:32,10:35,12:48,20:58,21:01,10:50,20:35,17:10,17:23,10:14,,,
Prior AP - start,6:46,16:40,16:11,15:25,18:38,20:33,18:45,10:13,23:07,11:47,,12:04,17:00,20:30,16:55,11:05,19:03,19:26,18:27,6:48,14:38,15:45,,9:09,16:31,16:07,23:42,10:42,12:56,21:06,21:18,10:56,20:46,17:17,17:29,10:19,,,
Cross Arms - start,6:46,16:41,16:12,15:26,18:39,20:34,18:46,10:14,23:08,11:47,,12:05,17:01,20:31,16:56,11:06,19:04,19:27,18:28,6:49,14:38,15:46,8:17,9:10,16:32,16:08,23:42,10:43,12:57,21:07,21:19,10:57,20:47,17:18,17:03,10:20,,,
Cross Arms - end,6:50,16:44,16:19,15:30,18:45,20:39,18:53,10:19,23:13,11:52,,12:11,17:06,20:37,17:09,11:12,19:10,19:33,18:31,6:53,14:45,15:49,8:02,9:15,16:39,16:10,23:46,10:50,13:01,21:12,21:27,11:03,20:52,17:23,17:34,10:26,,,
Post AP - end,6:51,16:44,16:19,15:31,18:47,20:39,18:54,10:19,23:13,11:53,,12:12,17:06,20:38,17:11,11:15,19:10,19:35,18:33,6:53,14:45,15:50,,9:15,16:39,16:11,23:46,10:51,13:01,21:13,21:28,11:04,20:52,17:24,17:35,10:27,,,
Prior AP - start,,,,,,,,,,,,,,,,,,,,,,,,,,,,,,,21:31,,,,17:39,,,,
Cross Arms2 - start,,,,,,,,,,,,,,,,,,,,,,,,,,,,,,,21:32,,,,17:04,,,,
Cross Arms2 - end,,,,,,,,,,,,,,,,,,,,,,,,,,,,,,,21:35,,,,17:44,,,,
Post AP - end,,,,,,,,,,,,,,,,,,,,,,,,,,,,,,,21:36,,,,17:45,,,,
Prior AP - start,6:56,16:51,16:46,15:52,19:00,20:57,19:06,10:32,23:26,12:07,23:03,12:52,17:38,20:55,17:28,11:35,19:18,19:57,18:32,6:56,14:58,16:03,8:25,9:30,16:47,16:47,24:17:00,11:11,13:28,21:20,21:59,11:19,21:22,17:42,18:11,10:44,,,
Plank - start,7:00,16:56,16:53,15:56,19:04,20:59,19:09,10:39,23:31,12:09,23:32,13:04,17:42,20:58,17:03,11:45,19:24,20:00,18:35,6:58,15:02,16:09,8:28,9:34,16:52,16:49,24:22:00,11:13,13:31,21:22,22:02,11:22,21:26,17:45,18:14,10:48,,,
Plank  - end,7:07,17:00,17,16:00,19:09,21:04,19:14,10:41,23:34,12:15,23:38,13:05,17:49,21:05,17:36,11:46,19:30,20:05,18:39,7:01,15:08,16:13,8:34,9:39,16:55,16:55,24:03:00,11:20,13:36,21:27,22:06,11:26,21:30,17:57,18:02,10:51,,,
Post AP - end,7:09,17:03,17:01,16:00,19:11,21:06,19:16,10:41,23:38,12:18,23:04,13:06,17:53,21:07,17:39,11:47,19:33,20:08,18:42,7:02,15:10,16:16,8:36,9:43,16:58,16:57,24:33:00,11:20,13:38,21:29,22:01,11:27,21:34,18:00,18:23,10:52,,,
Prior AP - start,7:09,17:04,17:08,16:12,19:15,21:13,19:18,10:57,23:44,12:20,23:49,13:13,17:56,21:11,17:41,12:14,19:37,20:11,18:43,7:06,15:15,16:27,8:37,9:47,17:00,17:01,24:34:00,11:25,13:42,21:31,22:22,11:34,21:38,18:03,18:27,10:55,,,
T-Pose3 - start,7:10,17:05,17:08,16:13,19:16,21:14,19:19,10:58,23:44,12:21,23:05,13:15,17:57,21:11,17:42,12:15,19:38,20:12,18:44,7:08,15:16,16:27,8:38,9:48,17:01,17:02,24:34:00,11:25,13:43,21:32,22:23,11:35,21:39,18:03,18:28,10:56,,,
T-Pose3 - end,7:12,17:08,17:11,16:16,19:22,21:15,19:21,10:59,23:46,12:23,23:52,13:18,17:58,21:13,17:43,12:17,19:40,20:14,18:46,7:10,15:18,16:29,8:04,9:49:00,17:04,17:03,24:37:00,11:27,13:45,21:34,22:25,11:36,21:41,18:06,18:03,10:57,,,
Post AP - end,7:13,17:09,17:11,16:16,19:22,21:15,19:22,10:59,23:47,12:23,23:52,13:19,17:58,21:13,7:43,12:17,19:41,20:15,18:46,7:10,15:18,16:30,8:41,9:50,17:04,17:03,24:37:00,11:27,14:45,21:35,22:26,11:37,21:41,18:07,18:31,10:59,,,
,,,,,,,,,,,,,,,,,,,,,,,,,,,,,,,,,,,,,,,
,,,,,,,,,,,,,,,,,,,,,,,,,,,,,,,,,,,,,,,
,,,,,,,,,,,,,,,,,,,,,,,,,,,,,,,,,,,,,,,
,,,,,,,,,,,,,,,,,,,,,,,,,,,,,,,,,,,,,,,
,,,,,,,,,,,,,,,,,,,,,,,,,,,,,,,,,,,,,,,
,,,,,,,,,,,,,,,,,,,,,,,,,,,,,,,,,,,,,,,